time,total_apy,mev_apy
2022-11-29,6.93,0.000017189325984823256
2022-11-30,6.93,0.00001744677764481395
2022-12-01,6.93,0.000017696870302508216
2022-12-02,7.17,0.0000011691007051339852
2022-12-03,7.17,0.0000011706324798410606
2022-12-04,7.35,0.000021389842075336674
2022-12-05,7.35,0.000021332825994591076
2022-12-06,7.5,0.00001451565738719296
2022-12-07,7.5,0.000014518331914459282
2022-12-08,7.59,0.0000011015081069487564
2022-12-09,7.59,0.0000011020430124020208
2022-12-10,8.28,0.000018637906951113337
2022-12-11,8.28,0.000018440380911144416
2022-12-12,8.27,0
2022-12-13,8.27,7.397742418646658e-7
2022-12-14,8.27,7.392393364114014e-7
2022-12-15,8.24,0.0000010104201919602929
2022-12-16,8.24,9.980525295105735e-7
2022-12-17,8.23,9.223066754771025e-7
2022-12-18,8.23,9.105063369929667e-7
2022-12-19,8.23,8.980333143782104e-7
2022-12-21,8.12,0
2022-12-22,8.12,3.122389014009741e-7
2022-12-23,8.12,3.111042534698072e-7
2022-12-24,8,1.998196053065726e-7
2022-12-25,8,1.9912260729171294e-7
2022-12-26,7.92,2.0749468809810878e-7
2022-12-27,7.92,2.067085391743717e-7
2022-12-28,7.83,3.050338870380642e-7
2022-12-29,7.83,3.1006686107559744e-7
2022-12-30,7.69,0
2022-12-31,7.69,2.0875090545047215e-7
2023-01-01,7.69,2.0803769817945295e-7
2023-01-02,7.58,1.235874735883158e-7
2023-01-03,7.58,1.235631597040765e-7
2023-01-04,7.42,1.8712775773366275e-7
2023-01-05,7.42,1.8024692849394341e-7
2023-01-06,7.42,1.8030366089050176e-7
2023-01-07,7.42,1.7981738320571594e-7
2023-01-10,7.21,2.664072296099107e-7
2023-01-11,7.21,2.6642343886607023e-7
2023-01-12,7.05,1.6122536639073815e-7
2023-01-13,7.05,1.6103085531682382e-7
2023-01-14,7.05,1.612334710188179e-7
2023-01-15,7.05,1.6122536639073815e-7
2023-01-16,6.9,1.6073098407787256e-7
2023-01-17,6.82,0.000001973290553181073
2023-01-18,6.82,0.0000019685736596386505
2023-01-19,6.82,0.00000196927065765351
2023-01-20,6.73,0.00010383341222386377
2023-01-21,6.73,0.0001045283848144507
2023-01-22,6.63,0.0000021922127668716485
2023-01-23,6.63,0.0000021866205734966115
2023-01-24,6.63,0.0000021873418853957105
2023-01-25,6.5,0.000023932410364579937
2023-01-26,6.5,0.0000257582214224783
2023-01-27,6.47,0
2023-01-28,6.47,0.001990682682384559
2023-01-29,6.47,0.0019900008021656035
2023-01-30,6.47,0.001983550192763417
2023-02-01,6.4,0
2023-02-02,6.4,0.006092247882460988
2023-02-03,6.4,0.00610046464322167
2023-02-04,6.38,0.0026610779087610226
2023-02-05,6.38,0.002889651928628112
2023-02-06,6.38,0.002888228017927652
2023-02-07,6.47,0.0033377399877521086
2023-02-08,6.47,0.0033514467731032838
2023-02-09,6.55,0.003489834119840829
2023-02-10,6.55,0.0032583440102929018
2023-02-11,6.55,0.0032529620383137114
2023-02-12,6.58,0.003462056805436653
2023-02-13,6.58,0.0034596222937555154
2023-02-14,6.61,0.0033943986781137525
2023-02-15,6.61,0.0033993313785840584
2023-02-16,6.61,0.0033857882084431523
2023-02-17,6.63,0.005197816949920053
2023-02-18,6.63,0.005133754807262747
2023-02-19,6.6,0.003031733082314858
2023-02-20,6.6,0.002676566589432383
2023-02-21,6.6,0.0026752012311392903
2023-02-22,6.62,0.0023403460793103292
2023-02-23,6.62,0.002330794528337954
2023-02-24,6.52,0
2023-02-25,6.52,0.00515771011577737
2023-02-26,6.52,0.0051605534709509016
2023-03-01,6.5,0.003515080140048532
2023-03-02,6.53,0.0034630053876494316
2023-03-03,6.53,0.003470579278563868
2023-03-04,6.55,0.0038466262964886866
2023-03-05,6.55,0.0036710518397820024
2023-03-06,6.55,0.0036697214488068397
2023-03-07,6.55,0.0034315781337168616
2023-03-08,6.55,0.003370254784562654
2023-03-09,6.61,0.0032027630954889474
2023-03-10,6.61,0.0032044592052082876
2023-03-11,6.63,0
2023-03-12,6.63,0.0035724795335756454
2023-03-13,6.63,0.003588734788495529
2023-03-14,6.67,0.025610748062931954
2023-03-15,6.67,0.025474529670588275
2023-03-16,6.73,0.004894418408607493
2023-03-17,6.73,0.004892909796239131
2023-03-18,6.79,0
2023-03-19,6.79,0.00783737696303799
2023-03-20,6.79,0.007842117341572141
2023-03-21,6.91,0.003633548017467625
2023-03-22,6.91,0.003570672769326322
2023-03-23,7.01,0.003392451297012933
2023-03-24,7.01,0.003392211173069981
2023-03-25,7.05,0
2023-03-26,7.05,0.005226736608943128
2023-03-27,7.05,0.004535630806823399
2023-03-28,7.03,0.0036544166856611326
2023-03-29,7.03,0.0035755213575461298
2023-03-30,7.05,0.004320651500222539
2023-03-31,7.05,0.0041751917160270935
2023-04-01,7.01,0.004458827104358853
2023-04-02,7.01,0.0044814887438127116
2023-04-03,6.99,0
2023-04-04,6.99,0.006989238129162523
2023-04-05,6.99,0.006995676019316832
2023-04-06,6.99,0.004264032454748268
2023-04-07,6.99,0.004123652107534959
2023-04-08,7.05,0.0061322368447136455
2023-04-09,7.05,0.005055796051789407
2023-04-10,7.06,0.004229843513536835
2023-04-11,7.06,0.004027037043097259
2023-04-12,7.06,0.004022483307464242
2023-04-13,7.05,0.004387802280803044
2023-04-14,7.05,0.004508439258521513
2023-04-15,7.09,0.005717456099896268
2023-04-16,7.09,0.0056368265411332885
2023-04-17,7.09,0.003580213018583578
2023-04-18,7.09,0.004389178822972184
2023-04-19,7.09,0.0037641376898545076
2023-04-20,7.09,0.005308667753323171
2023-04-21,7.09,0.00505857167028001
2023-04-22,7.09,0.006753804887393855
2023-04-23,7.09,0.00673270014326377
2023-04-24,7.1,0.0057280010416382865
2023-04-25,7.1,0.005709420211297278
2023-04-26,7.1,0.0057097744685430385
2023-04-27,7.1,0.004079650443999938
2023-04-28,7.1,0.004144294716823538
2023-04-29,7.16,0.005254002286303461
2023-04-30,7.16,0.0052148999533319085
2023-05-01,7.09,0
2023-05-02,7.09,0
2023-05-03,7.09,0.004089698168807665
2023-05-04,7.05,0.005097251807506531
2023-05-05,7.05,0.005087566479611283
2023-05-06,7.02,0.006197884177927548
2023-05-07,7.02,0.006219310096877706
2023-05-08,6.92,0
2023-05-09,6.92,0.012020437324933297
2023-05-10,6.92,0.00819912587715077
2023-05-11,6.88,0.015675350762434093
2023-05-12,6.88,0.015425715550509977
2023-05-13,6.84,0.01522728839677967
2023-05-14,6.84,0.015230466169091628
2023-05-15,6.84,0.015224643779321312
2023-05-16,6.78,0.008017014610706141
2023-05-17,6.78,0.008023890681352341
2023-05-18,6.76,0.009642926795017104
2023-05-19,6.76,0.009663105087343027
2023-05-20,6.73,0
2023-05-21,6.73,0.007469530726011975
2023-05-22,6.73,0.007475485194197162
2023-05-23,6.65,0.0070582286558540375
2023-05-24,6.65,0.007092374444783722
2023-05-25,6.64,0.007059530342656828
2023-05-26,6.64,0.007052494414461208
2023-05-27,6.62,0
2023-05-28,6.62,0.041508348930574535
2023-05-29,6.62,0.04149088253684319
2023-05-30,6.63,0.012570269416234403
2023-05-31,6.63,0.012543601656278547
2023-06-01,6.62,0.03143316129783358
2023-06-02,6.62,0.031420727577269325
2023-06-03,6.61,0
2023-06-04,6.61,0.016246500545169518
2023-06-05,6.61,0.016243837913743064
2023-06-06,6.66,0.026166290698959038
2023-06-07,6.66,0.026241859231590503
2023-06-08,6.73,0.01960000088749858
2023-06-09,6.73,0.019530086493113608
2023-06-10,6.73,0.019375798790544074
2023-06-11,6.74,0.034258054752345224
2023-06-12,6.74,0.034254471931549624
2023-06-13,6.72,0.04646384517119628
2023-06-14,6.72,0.04646577289886267
2023-06-15,6.72,0
2023-06-17,6.72,0.03701522282428815
2023-06-18,6.83,0.019955705993979223
2023-06-19,6.83,0.019927671503783273
2023-06-20,6.98,0.015412048584417803
2023-06-21,6.98,0.015414529630275453
2023-06-22,7.08,0.0188009334944228
2023-06-23,7.08,0.018728828575031997
2023-06-24,7.17,0
2023-06-25,7.17,0.03719090858078644
2023-06-26,7.17,0.03720804208844353
2023-06-27,7.27,0.020251309594199185
2023-06-28,7.27,0.020320029716236476
2023-06-29,7.32,0.01624717888275562
2023-06-30,7.32,0.016284991914217173
2023-07-01,7.32,0.04923410579251719
2023-07-02,7.32,0.049238576911170284
2023-07-03,7.36,0.044087528221847805
2023-07-04,7.36,0.04367785534089563
2023-07-05,7.36,0.04366263763433409
2023-07-06,7.5,0
2023-07-07,7.5,0
2023-07-08,7.6,0
2023-07-09,7.6,0
2023-07-10,7.59,0.01824590721406505
2023-07-11,7.59,0.01825658058502988
2023-07-12,7.55,0
2023-07-13,7.55,0
2023-07-14,7.55,0.00988440623794773
2023-07-15,7.48,0
2023-07-16,7.48,0
2023-07-17,7.51,0
2023-07-18,7.51,0.023252988175181954
2023-07-19,7.52,0.003351238801396761
2023-07-20,7.52,0.0155456578146973
2023-07-21,7.53,0.0029107747239853765
2023-07-22,7.53,0.008928682843123426
2023-07-23,7.53,0.017938332882772023
2023-07-24,7.59,0.009739522629681474
2023-07-25,7.59,0.014235363560843872
2023-07-26,7.64,0.00826033628982259
2023-07-27,7.64,0.014368368039296975
2023-07-28,7.43,0.0017704143249197557
2023-07-29,7.43,0.005199883680484518
2023-07-30,7.31,0.0007798006262715873
2023-07-31,7.31,0.0033678300253026094
2023-08-01,7.23,0.0006998706788552411
2023-08-02,7.23,0.03421773338376788
2023-08-03,7.17,0.04505941919401568
2023-08-04,7.17,0.005991035371222253
2023-08-05,7.17,0.013832648381684187
2023-08-06,7.2,0.007955382450974824
2023-08-07,7.2,0.011884796756311822
2023-08-08,7.14,0.0031650150617679174
2023-08-09,7.14,0.013976044085195483
2023-08-10,7.07,0.01280900543758623
2023-08-11,7.07,0.01880370732902925
2023-08-12,7.03,0.0007784535617672006
2023-08-13,7.03,0.006728738497252529
2023-08-14,6.95,0.0006345917850758553
2023-08-15,6.95,0.008379057114749067
2023-08-16,6.95,0.020852971980245272
2023-08-17,6.89,0.008796212539330384
2023-08-18,6.89,0.035564279351318895
2023-08-19,7.01,0.0083356078245167
2023-08-20,7.01,0.014164978069941547
2023-08-21,7.1,0.002221531660584475
2023-08-22,7.1,0.006670438766320785
2023-08-23,7.15,0.006317140434419777
2023-08-24,7.15,0.025528673939878566
2023-08-25,7.15,0.0008893252448016753
2023-08-26,7.15,0.008048510583624768
2023-08-27,7.15,0.014821261254960305
2023-08-28,7.15,0.011658017386095842
2023-08-29,7.15,0.038243145874505835
2023-08-30,7.14,0.008076496347575457
2023-08-31,7.14,0.018150774952818693
2023-09-01,7.15,0.024030541186781385
2023-09-02,7.15,0.032739990704500066
2023-09-03,7.12,0.0010932497934712515
2023-09-04,7.12,0.003232700509903097
2023-09-05,7.11,0.0008430333651610056
2023-09-06,7.11,0.0044032633470303395
2023-09-07,7.07,0.0012313170641320426
2023-09-08,7.07,0.005513819822322574
2023-09-09,7.07,0.01408055566147759
2023-09-10,7.02,0.009897940794312277
2023-09-11,7.02,0.01669599166833624
2023-09-12,6.99,0.010214871103242373
2023-09-13,6.99,0.01517586291246431
2023-09-14,6.9,0.0024741996405452937
2023-09-15,6.9,0.013531041326375615
2023-09-16,6.88,0.003908950613884521
2023-09-17,6.88,0.010212049675906165
2023-09-18,6.84,0.00026685236667045587
2023-09-19,6.84,0.00986025364901888
2023-09-20,6.84,0.02286028448588162
2023-09-21,6.81,0.010775024288212087
2023-09-22,6.81,0.020023358239762423
2023-09-23,6.72,0.002914326534519951
2023-09-24,6.72,0.009524421512074888
2023-09-25,6.72,0.004060468085564928
2023-09-26,6.72,0.007125903958038471
2023-09-27,6.7,0.0026968604329713486
2023-09-28,6.7,0.005435110047624647
2023-09-29,6.74,0.001392606403372021
2023-09-30,6.74,0.011179319512866215
2023-10-01,6.82,0.0015050227607726896
2023-10-02,6.82,0.013069542587351712
2023-10-03,6.86,0.0015079368073767085
2023-10-04,6.86,0.003396090438734234
2023-10-05,6.86,0.012186569613548137
2023-10-06,6.92,0.002513220739941424
2023-10-07,6.92,0.02679458721468464
2023-10-08,7.03,0.0028472621577346757
2023-10-09,7.03,0.013410850761896853
2023-10-10,7.13,0.00594393338939625
2023-10-11,7.13,0.015915239816810534
2023-10-12,7.21,0.004601615470489762
2023-10-13,7.21,0.009017990033544088
2023-10-14,7.34,0.003110514076620774
2023-10-15,7.34,0.007944616933275306
2023-10-16,7.39,0.001694039399469105
2023-10-17,7.39,0.009171805931851296
2023-10-18,7.43,0.0015829676442091767
2023-10-19,7.43,0.00404356129410921
2023-10-20,7.44,0.0039132889959825334
2023-10-21,7.44,0.009965861427141398
2023-10-22,7.42,0.003707756489723657
2023-10-23,7.42,0.011779518540477874
2023-10-24,7.42,0.011853765260627647
2023-10-25,7.42,0.03222905891000494
2023-10-26,7.29,0.010489430778370945
2023-10-27,7.29,0.03922811520782332
2023-10-28,7.05,0.00039670584441875434
2023-10-29,7.05,0.015785060164064113
2023-10-30,6.89,0.00006403183407943658
2023-10-31,6.89,0.03181636887201744
2023-11-01,6.89,0.05004562117769673
2023-11-02,6.82,0.09375364896491156
2023-11-03,6.82,0.29592326936422886
2023-11-04,6.79,0.026724776176556553
2023-11-05,6.79,0.03396628067811047
2023-11-06,6.73,0.009644334607039617
2023-11-07,6.73,0.022117122557085978
2023-11-08,6.73,0.009301924591031963
2023-11-09,6.73,0.02559837500502038
2023-11-10,6.68,0.018812647526966764
2023-11-11,6.68,0.06263040607612513
2023-11-12,6.64,0.017718912682296306
2023-11-13,6.64,0.03641959126623462
2023-11-14,6.6,0.004325396591720043
2023-11-15,6.6,0.016485214109906998
2023-11-16,6.6,0.032135783000497575
2023-11-17,6.71,0.015380119050245611
2023-11-18,6.71,0.03191563537028319
2023-11-19,6.82,0.00822071263553159
2023-11-20,6.82,0.03788288012267493
2023-11-21,6.94,0.09731601487936725
2023-11-22,6.94,0.11961331078020887
2023-11-23,6.94,0.019881962006684795
2023-11-24,6.94,0.039845884334632764
2023-11-25,6.91,0.006696444458054174
2023-11-26,6.91,0.017177148262992326
2023-11-27,6.92,0.001980388085320861
2023-11-28,6.92,0.009980895078420815
2023-11-29,6.92,0.019458522089754737
2023-11-30,6.88,0.011477364747336516
2023-12-01,6.88,0.027235070811149065
2023-12-02,6.92,0.007036475918220653
2023-12-03,6.92,0.01848026596817931
2023-12-04,6.96,0.006356864829148989
2023-12-05,6.96,0.014966464684995628
2023-12-06,6.97,0.00290331562402546
2023-12-07,6.97,0.009355933321253396
2023-12-08,6.96,0.0057306027029468964
2023-12-09,6.96,0.009438742297485092
2023-12-10,6.96,0.07725049462690148
2023-12-11,6.97,0.0354574090744908
2023-12-12,6.97,0.11527858820892245
2023-12-13,6.9,0.07457901247338583
2023-12-14,6.9,0.18288901415242087
2023-12-15,6.88,0.09178107633360799
2023-12-16,6.88,0.5677033535107956
2023-12-17,6.85,0.0133870191527663
2023-12-18,6.85,0.14850880448780135
2023-12-19,6.85,0.35593628897463425
2023-12-20,6.82,0.23768364007086262
2023-12-21,6.82,0.5042835157228476
2023-12-22,6.8,0.15891988447498395
2023-12-23,6.8,0.8158958194864008
2023-12-24,6.77,0.041058236279956084
2023-12-25,6.77,0.23267039840688675
2023-12-26,6.77,0.5551523673096526
2023-12-27,6.72,0.35092935662417446
2023-12-28,6.72,0.7164187170062286
2023-12-29,7.03,0.14541102625278413
2023-12-30,7.03,0.3255174583135956
2023-12-31,7.02,0.07098377606788997
2024-01-01,7.02,0.16518168705164094
2024-01-02,7.03,0.012707749817630898
2024-01-03,7.03,0.22580083590271194
2024-01-04,7.03,0.47851033147396915
2024-01-05,7.05,0.14871163157033074
2024-01-06,7.05,0.4054158105054162
2024-01-07,7.09,0.09332322052375552
2024-01-08,7.09,0.2073185578837622
2024-01-09,7.09,0.058362959455005026
2024-01-10,7.09,0.24343531789408068
2024-01-11,7.16,0.376860370880272
2024-01-12,7.16,0.47817428281122787
2024-01-13,7.16,0.5899127005474902
2024-01-14,7.23,0.10582834061352298
2024-01-15,7.23,0.25690929952342234
2024-01-16,7.29,0.1380192098739741
2024-01-17,7.29,0.3627475609547126
2024-01-18,7.37,0.11995641287110281
2024-01-19,7.37,0.38544133176401374
2024-01-20,7.12,0.1834228188432041
2024-01-21,7.12,0.4942041960308785
2024-01-22,7.17,0.13904453666371275
2024-01-23,7.17,0.46159681261488394
2024-01-24,7.27,0.06850078393907388
2024-01-25,7.27,0.37209593921034845
2024-01-26,7.39,0.050639951594400046
2024-01-27,7.39,0.4642424266330325
2024-01-28,7.48,0.023399229684928358
2024-01-29,7.48,0.3627389044266849
2024-01-30,7.48,0.7066347444271814
2024-01-31,7.62,0.34194385426982166
2024-02-01,7.62,1.4594648598697413
2024-02-02,7.68,0.5368100202462589
2024-02-03,7.68,1.061297506958403
2024-02-04,7.77,0.25365573078799386
2024-02-05,7.77,0.516134013617009
2024-02-06,7.8,0.21997200394283656
2024-02-07,7.8,0.41407013659420233
2024-02-08,7.75,0.1190677111650551
2024-02-09,7.75,0.31993800520977445
2024-02-10,7.79,0.07891904192176558
2024-02-11,7.79,0.24203935439504054
2024-02-12,7.8,0.07031601839577739
2024-02-13,7.8,0.4217399282109513
2024-02-14,7.78,0.058940979936661364
2024-02-15,7.78,0.28521688720877236
2024-02-16,7.74,0.025326894807697897
2024-02-17,7.74,0.2535859093234505
2024-02-18,7.74,0.40520826970660284
2024-02-19,7.69,0.14831246372897233
2024-02-20,7.69,0.339274063194428
2024-02-21,7.65,0.13283484176351834
2024-02-22,7.65,0.29030426017702116
2024-02-23,7.63,0.11637245830886656
2024-02-24,7.63,0.2578063739890002
2024-02-25,7.57,0.09609267454657733
2024-02-26,7.57,0.34712386702944187
2024-02-27,7.58,0.19711894059559754
2024-02-28,7.58,0.4966819705875647
2024-02-29,7.62,0.19923494438156553
2024-03-01,7.62,0.4603774466462429
2024-03-02,7.56,0.12078333355014514
2024-03-03,7.56,0.4362097597885972
2024-03-04,7.59,0.17047243858097083
2024-03-05,7.59,0.6827042517888904
2024-03-06,7.58,0.18302679166108948
2024-03-07,7.58,1.0603510079414624
2024-03-08,7.66,0.1769438439312765
2024-03-09,7.66,1.1885154572333523
2024-03-10,7.8,0.03797508226626167
2024-03-11,7.8,0.2991687901812812
2024-03-12,7.82,0.02204567629884302
2024-03-13,7.82,0.3165012890445462
2024-03-14,7.82,0.6260130108385331
2024-03-15,7.8,0.38782978939866375
2024-03-16,7.8,0.8237160476916472
2024-03-17,7.93,0.43663039141284
2024-03-18,7.93,0.9480225226832895
2024-03-19,8.01,0.601459478115296
2024-03-20,8.01,1.2138401147156141
2024-03-21,8.05,0.27339720085606256
2024-03-22,8.05,0.994062456011302
2024-03-23,8.15,0.2870919897596691
2024-03-24,8.15,0.7413331346076912
2024-03-25,8.14,0.16438565190293186
2024-03-26,8.14,0.6417690608286897
2024-03-27,8.2,0.10056610187230142
2024-03-28,8.2,0.5602009660315099
2024-03-29,8.18,0.016040774441061778
2024-03-30,8.18,0.524526484022303
2024-03-31,8.18,1.1624276887092888
2024-04-01,8.09,0.5060420027988677
2024-04-02,8.09,1.2797397999424032
2024-04-03,8.14,0.4804389844711432
2024-04-04,8.14,1.2161586484529474
2024-04-05,8.22,0.2750692697600199
2024-04-06,8.22,0.9074910734954145
2024-04-07,8.22,1.503930850687163
2024-04-08,8,0.5464727385108059
2024-04-09,8,1.332424483060901
2024-04-10,7.85,0.2648095226224445
2024-04-11,7.85,0.8929956127068595
2024-04-12,7.85,1.5620648997882736
2024-04-13,7.79,0.6183287070962162
2024-04-14,7.79,1.3149472575276988
2024-04-15,7.73,0.1629624297381449
2024-04-16,7.73,0.8120700976770534
2024-04-17,7.76,0.12700098886651023
2024-04-18,7.76,0.6012402220137547
2024-04-19,7.7,0.026596004624246383
2024-04-20,7.7,0.5408071434610973
2024-04-21,7.7,0.9448636713411673
2024-04-22,7.67,0.27649604195343347
2024-04-23,7.67,0.7481320194895558
2024-04-24,7.57,0.3095811470080534
2024-04-25,7.57,0.8856985523344685
2024-04-26,7.49,0.08969791792405868
2024-04-27,7.49,0.6067713690757426
2024-04-28,7.49,1.0483627902902581
2024-04-29,7.43,0.33406839458440807
2024-04-30,7.43,0.9356646952180636
2024-05-01,7.53,0.23568382735139615
2024-05-02,7.53,0.6981502271237394
2024-05-03,7.59,0.06702008999701636
2024-05-04,7.59,0.7585998325492227
2024-05-05,7.59,1.534083369791528
2024-05-06,7.63,0.4670342728884114
2024-05-07,7.63,1.2282973945508813
2024-05-08,7.65,0.4095377372100195
2024-05-09,7.65,0.9646756907686571
2024-05-10,7.62,0.1340873166138179
2024-05-11,7.62,0.6815029879541967
2024-05-12,7.62,1.1626028980507463
2024-05-13,7.67,0.5039914715124771
2024-05-14,7.67,1.3054080841836901
2024-05-15,7.7,0.5898706024671574
2024-05-16,7.7,1.3512841353551686
2024-05-17,7.83,0.3665316604456903
2024-05-18,7.83,0.9677405582461107
2024-05-19,7.92,0.1935754838560566
2024-05-20,7.92,0.7297505676575833
2024-05-21,7.96,0.08208061218004659
2024-05-22,7.96,0.7048478536529235
2024-05-23,7.96,1.2720410655095327
2024-05-24,8,0.49420861215607736
2024-05-25,8,1.13025874984507
2024-05-26,8.03,0.2788945659501163
2024-05-27,8.03,0.8991363294054366
2024-05-28,8.06,0.39002304977548974
2024-05-29,8.06,1.2787998898714958
2024-05-30,8.06,0.16383564438136045
2024-05-31,8.06,0.9945587677787193
2024-06-01,8.06,1.7407901732406916
2024-06-02,8.12,0.603405814360225
2024-06-03,8.12,1.2492250125808457
2024-06-04,8.14,0.6465292889110019
2024-06-05,8.14,1.2665674600096155
2024-06-06,8.15,0.48938464515575486
2024-06-07,8.15,1.3921710922904396
2024-06-08,8.13,0.752615600292339
2024-06-09,8.13,1.7816841912566161
2024-06-10,8.13,0.23946788905815364
2024-06-11,8.13,1.1452978595305474
2024-06-12,8.13,1.8928905299778753
2024-06-13,8.18,0.9677561470314178
2024-06-14,8.18,1.7770545655821923
2024-06-15,8.22,0.4384622465591459
2024-06-16,8.22,0.8574819258665212
2024-06-17,8.26,0.2763448851162531
2024-06-18,8.26,1.0118601455136433
2024-06-19,8.23,0.29815692267358695
2024-06-20,8.23,0.9487480582181629
2024-06-21,8.19,0.10680127035391784
2024-06-22,8.19,0.7705365851440993
2024-06-23,8.19,1.210606308887674
2024-06-24,8.1,0.3708137177999893
2024-06-25,8.1,0.9128143410215284
2024-06-26,8.02,0.3069936537955398
2024-06-27,8.02,0.9258736847642446
2024-06-28,7.96,0.31739968733175417
2024-06-29,7.96,0.9225835068977561
2024-06-30,7.92,0.05209279139191114
2024-07-01,7.92,0.49255509392103214
2024-07-02,7.92,1.0592516522327289
2024-07-03,7.84,0.36569213818355983
2024-07-04,7.84,0.8761779820495752
2024-07-05,7.72,0.23263063241283355
2024-07-06,7.72,0.6671128308242125
2024-07-07,7.56,0.12479110512648717
2024-07-08,7.56,0.5280495257638407
2024-07-09,7.56,0.9915980819907189
2024-07-10,7.46,0.34773752117938095
2024-07-11,7.46,0.7215531833798527
2024-07-12,7.44,0.24828593674526278
2024-07-13,7.44,0.6496141976421121
2024-07-14,7.35,0.21052759847124403
2024-07-15,7.35,0.701436919159204
2024-07-16,7.35,1.3379533297433577
2024-07-17,7.35,0.5113234577506232
2024-07-18,7.35,0.9589712844433995
2024-07-19,7.31,0.3581649013284727
2024-07-20,7.31,0.7444374668917231
2024-07-21,7.28,0.15073771027889205
2024-07-22,7.28,0.5569949519387718
2024-07-23,7.19,0.08089357638318972
2024-07-24,7.19,0.5497528963151144
2024-07-25,7.19,1.023741379619536
2024-07-26,7.19,0.8669739995622816
2024-07-27,7.19,1.5803814035280306
2024-07-28,7.18,0.6382775218375158
2024-07-29,7.18,2.0007091186713177
2024-07-30,7.69,0.3832397778967156
2024-07-31,7.69,1.4547046432145105
2024-08-01,7.76,0.19647346899267504
2024-08-02,7.76,0.9814976776833628
2024-08-03,7.76,1.8012010039599735
2024-08-04,7.8,0.45578545979811924
2024-08-05,7.8,1.0201714974653386
2024-08-06,7.92,0.6196940274587837
2024-08-07,7.92,1.675601779200142
2024-08-08,8.02,0.6113640815899268
2024-08-09,8.02,1.595761909827087
2024-08-10,8.16,0.35949154387440174
2024-08-11,8.16,0.826555091307335
2024-08-13,8.17,0.9085191899331768
2024-08-14,8.31,0.23507706304037868
2024-08-15,8.31,0.8192180080192735
2024-08-16,8.35,0.08395266510905497
2024-08-17,8.35,0.5117483449447846
2024-08-18,8.35,0.8828077089449549
2024-08-19,8.4,0.43201086842830083
2024-08-20,8.4,0.9361435007616548
2024-08-21,7.94,0.1994326947148739
2024-08-22,7.94,0.4425449522063474
2024-08-23,7.9,0.16657828443540357
2024-08-24,7.9,0.5000589857012017
2024-08-25,7.8,0.14001766740427968
2024-08-26,7.8,0.36330404169218067
2024-08-27,7.77,0.12048390376910856
2024-08-28,7.77,0.4442483375350914
2024-08-29,7.7,0.046666042941923
2024-08-30,7.7,0.3394515634093098
2024-08-31,7.7,0.5749822395801241
2024-09-01,7.58,0.18976808176054405
2024-09-02,7.58,0.40219277549102816
2024-09-03,7.59,0.1982790367662579
2024-09-04,7.59,0.5027426040282501
2024-09-05,7.49,0.18129928962877795
2024-09-06,7.49,0.4245627606682234
2024-09-07,7.44,0.13297377029113377
2024-09-08,7.44,0.2781563574853596
2024-09-09,7.39,0.07485511638416487
2024-09-10,7.39,0.30459111893519353
2024-09-11,7.38,0.05916968302031034
2024-09-12,7.38,0.2821364041855734
2024-09-13,7.34,0
2024-09-14,7.34,0.24591537919618212
2024-09-15,7.34,0.414417867576522
2024-09-16,7.3,0.15600057930786893
2024-09-17,7.3,0.3469133867847418
2024-09-18,7.28,0.16248630191548763
2024-09-19,7.28,0.4047836043572728
2024-09-20,7.25,0.14731405614105686
2024-09-21,7.25,0.3785281321383227
2024-09-22,7.23,0.07404967141972918
2024-09-23,7.23,0.33238140189593146
2024-09-24,7.2,0.03498467306717323
2024-09-25,7.2,0.42557149210193934
2024-09-26,7.2,0.8335559775889845
2024-09-27,7.2,0.7063291974822139
2024-09-28,7.2,1.6732974243661713
2024-09-29,7.11,0.5782619586106374
2024-09-30,7.11,1.555806598579279
2024-10-01,7.14,0.434737966833576
2024-10-02,7.14,1.115996690872123
2024-10-03,7.23,0.12515955295675507
2024-10-04,7.23,0.8496690003580998
2024-10-05,7.23,1.5605605410377033
2024-10-06,7.36,0.7433327280738977
2024-10-07,7.36,1.3477688078481043
2024-10-08,7.49,0.5602797539538962
2024-10-09,7.49,1.2162617047698498
2024-10-10,7.6,0.4327829542771333
2024-10-11,7.6,1.0795993745063903
2024-10-12,7.7,0.1703450114088012
2024-10-13,7.7,0.9120574317057928
2024-10-14,7.7,1.8991829862037957
2024-10-15,7.72,1.0867566556805652
2024-10-16,7.72,2.162079028453623
2024-10-17,7.75,0.8511577509002777
2024-10-18,7.75,2.139484049164442
2024-10-19,7.81,0.40895009376933356
2024-10-20,7.81,2.268028334857264
2024-10-21,7.81,3.4850510548549263
2024-10-22,7.95,1.4966265222907227
2024-10-23,7.95,3.156206576364551
2024-10-24,8,1.1817447121845293
2024-10-25,8,3.7140901429242534
2024-10-26,8.05,0.5491727482821895
2024-10-27,8.05,1.8028487884292455
2024-10-28,8.05,3.3812173173212834
2024-10-29,8.08,1.5153487803635235
2024-10-30,8.08,3.5273955752002983
2024-10-31,8.04,1.0205577803777288
2024-11-01,8.04,2.4837297449661344
2024-11-02,7.99,0.40075671759509657
2024-11-03,7.99,1.3915560344200495
2024-11-04,7.99,2.65107973044727
2024-11-05,8,1.0677926772162616
2024-11-06,8,2.1553091658096823
2024-11-07,8.02,0.7781643138428551
2024-11-08,8.02,2.2633510563825787
2024-11-09,8.03,0.28326721749212247
2024-11-10,8.03,1.295505200145941
2024-11-11,8.03,2.598505370540094
2024-11-12,8.07,1.9183121392340796
2024-11-13,8.07,3.883833707973272
2024-11-14,8.06,1.613360477636272
2024-11-15,8.06,4.605975957313979
2024-11-16,8.17,1.950927636462807
2024-11-17,8.17,4.414029546342335
2024-11-18,8.33,1.0265668937857297
2024-11-19,8.33,4.37441800618279
2024-11-20,8.5,0.6026316787943298
2024-11-21,8.5,4.710407041149911
2024-11-22,8.5,8.065504301233762
2024-11-23,8.82,2.4482313208764594
2024-11-24,8.82,4.432704872697024
2024-11-25,9.19,1.4483346589589052
2024-11-26,9.19,3.6061325285595247
2024-11-27,9.31,1.174976048469678
2024-11-28,9.31,3.4433411743453046
2024-11-29,9.44,0.9018950680558468
2024-11-30,9.44,2.660069558019229
2024-12-01,9.69,0.4997189645913114
2024-12-02,9.69,1.7667373141574183
2024-12-03,9.8,0.42135906564244596
2024-12-04,9.8,1.9464923976307613
2024-12-05,9.89,0.19863366722818743
2024-12-06,9.89,1.4772696506582195
2024-12-07,9.85,0
2024-12-08,9.85,0.9479754027750698
2024-12-09,9.85,1.837088808924725
2024-12-10,9.73,1.17268009231557
2024-12-11,9.73,2.7185167221532636
2024-12-12,9.52,1.2732013746603155
2024-12-13,9.52,2.9933368874633715
2024-12-14,9.31,1.310596023635191
2024-12-15,9.31,2.6585759244349028
2024-12-16,9.05,0.690005469752597
2024-12-17,9.05,2.015614124766607
2024-12-18,9.01,1.1294577406986583
2024-12-19,9.01,2.4903762365651394
2024-12-20,9,0.8703973347978344
2024-12-21,9,2.539211058208357
2024-12-22,8.87,0.6990047717973402
2024-12-23,8.87,1.8256963880079802
2024-12-24,8.87,0.5777124365339281
2024-12-25,8.87,1.4710380433788917
2024-12-26,8.85,0.31494712180484274
2024-12-27,8.85,1.696767280496747
2024-12-28,8.79,0.3791978835748777
2024-12-29,8.79,1.4341143090216057
2024-12-30,8.77,0.3565865923133682
2024-12-31,8.77,1.5153995490109873
2025-01-01,8.77,0.21798407878002024
2025-01-02,8.77,1.3458383957221098
2025-01-03,8.73,0.28482627113406433
2025-01-04,8.73,2.28747459931955
2025-01-05,8.68,0.12045114652485811
2025-01-06,8.68,1.917335074154214
2025-01-07,8.69,0
2025-01-08,8.69,2.029319027395049
2025-01-09,8.69,4.055761424027082
2025-01-10,8.74,2.1174972231449374
2025-01-11,8.74,4.135901553357435
2025-01-12,8.84,1.7488059444739523
2025-01-13,8.84,3.5778485811962746
2025-01-14,8.88,1.447710081023179
2025-01-15,8.88,3.3473805719891336
2025-01-16,9.01,1.5724431437107222
2025-01-17,9.01,3.4810497273856544
2025-01-18,9.11,1.4231092220664543
2025-01-19,9.11,4.520581186329964
2025-01-20,9.25,4.754581861659712
2025-01-21,9.25,11.63228097145932
2025-01-22,9.48,2.816067945225753
2025-01-23,9.48,6.009264871860354
2025-01-24,10.07,3.3712287357567483
2025-01-25,10.07,7.912987797047744
2025-01-26,10.28,1.9010019914833753
2025-01-27,10.28,4.570440523133046
2025-01-28,10.58,1.9166003651970298
2025-01-29,10.58,4.303569101877613
2025-01-30,10.68,1.4663235666698027
2025-01-31,10.68,5.276890327085848
2025-02-01,10.7,1.46656820263813
2025-02-02,10.7,3.39114175772135
2025-02-03,10.87,0.8502332796379575
2025-02-04,10.87,2.5028235296248313
2025-02-05,10.76,1.0594532458387818
2025-02-06,10.76,2.7181530871002835
2025-02-07,10.67,0.7357076952798636
2025-02-08,10.67,2.324930206804643
2025-02-09,10.39,0.730713687404072
2025-02-10,10.39,2.2342707198473644
2025-02-11,10.22,1.5444848678821899
2025-02-12,10.22,3.736042971948361
2025-02-13,9.71,1.0687311856898418
2025-02-14,9.71,2.849890681716505
2025-02-15,9.64,1.4558807687106157
2025-02-16,9.64,2.504536364476384
2025-02-17,9.37,0.5667930796039666
2025-02-18,9.37,1.4084386785126801
2025-02-19,9.01,0.6912079883960809
2025-02-20,9.01,1.616012578273729
2025-02-21,8.73,0.6034049114529871
2025-02-22,8.73,1.4118652359496497
2025-02-23,8.46,0.41556712810746355
2025-02-24,8.46,1.0256832077127465
2025-02-25,8.4,0.4690078610592563
2025-02-26,8.4,1.2605276160872148
2025-02-27,8.29,0.44785520576444693
2025-02-28,8.29,1.0304832400851671
2025-03-01,8.37,0.4357428445702416
2025-03-02,8.37,0.7876532080646204
2025-03-03,8.26,0.6399535646647303
2025-03-04,8.26,1.3830687664755148
2025-03-05,8.14,0.4985904767475846
2025-03-06,8.14,1.1432278917633987
2025-03-07,7.98,0.5395154203246433
2025-03-08,7.98,1.421867571444002
2025-03-09,7.82,0.5322647543835712
2025-03-10,7.82,1.0355466165965055
2025-03-11,7.99,0.49896583671154016
2025-03-12,7.99,1.0438082813241323
2025-03-13,8.14,0.5547586475989963
2025-03-14,8.14,1.0994976696800718
2025-03-15,8.1,0.4982723356420138
2025-03-16,8.1,1.0515359165758742
2025-03-17,8.02,0.37896374708081826
2025-03-18,8.02,0.9633681196642652
2025-03-19,8.1,0.4467714444947868
2025-03-20,8.1,0.9749823964850579
2025-03-21,8.08,0.49564594325641753
2025-03-22,8.08,0.7702426406281271
2025-03-23,8.04,0.24923256812514616
2025-03-24,8.04,0.6175385428498936
2025-03-25,8.01,0.6717713845405093
2025-03-26,8.01,1.5727158601067215
2025-03-27,7.93,0.6352539250273903
2025-03-28,7.93,1.2993595222685395
2025-03-29,7.95,0.7596698898882925
2025-03-30,7.95,1.2942760082814475
2025-03-31,7.93,0.48995206032307337
2025-04-01,7.93,1.0814666080509294
2025-04-02,7.82,0.7550619046313489
2025-04-03,7.82,1.5383684934324293
2025-04-04,7.87,0.5486278783218168
2025-04-05,7.87,1.1058678588182103
2025-04-06,7.86,0.4837489632862013
2025-04-07,7.86,0.9528102341761269
2025-04-08,7.81,0.7473743830009871
2025-04-09,7.81,1.5011284487344678
2025-04-10,7.79,1.006285824520603
2025-04-11,7.79,1.784797843026098
2025-04-12,7.84,0.7521205640828921
2025-04-13,7.89,0.019052635174587884
2025-04-14,7.89,0.7239030712410166
2025-04-15,7.93,0
2025-04-16,7.93,0.9493628935177467
2025-04-17,7.93,0.03877027432692692
2025-04-18,7.93,0.8789146109664525
2025-04-19,7.96,0.03143662282378834
2025-04-20,7.96,0.5632102487009627
2025-04-21,8.01,0.03275581250548054
2025-04-22,8.01,0.8049332130288356
2025-04-23,7.9,0.10800056333286623
2025-04-24,7.9,0.9742190752617841
2025-04-25,7.91,0.10282090380504538
2025-04-26,7.91,1.0423928595363785
2025-04-27,7.95,0.0861219930766488
2025-04-28,7.95,0.7804979472549656
2025-04-29,8.09,0.18295687738878463
2025-04-30,8.09,1.087662617447438
2025-05-01,8.09,0.21678095683652643
2025-05-02,8.09,1.4858897442255437
2025-05-03,8.1,0.2158707632996082
2025-05-04,8.1,0.9917645841453826
2025-05-05,8.14,0.22422972304692035
2025-05-06,8.14,0.9582517027070026
2025-05-07,8.13,0.25552452494557176
2025-05-10,8.09,1.3221148396235893
2025-05-11,8.08,0.22981382743045842
2025-05-12,8.08,0.8919087670465897
2025-05-13,8.07,0.4150400949622046
2025-05-14,8.07,1.9747074568830403
2025-05-15,8.13,0.6761654327358091
2025-05-16,8.13,2.0594164183465713
2025-05-17,8.22,0.46170554270119624
2025-05-18,8.22,1.1746663241954058
2025-05-19,8.19,0.35366554797109373
2025-05-20,8.19,1.063539395262203
2025-05-21,8.15,0.39659506489428953
2025-05-22,8.15,1.1474812542374258
2025-05-23,8.11,0.4564561965908709
2025-05-24,8.11,1.0826458973830944
2025-05-25,8.07,0.19784925171832946
2025-05-26,8.07,0.5963926292910093
2025-05-27,8.04,0.3490134761479968
2025-05-28,8.04,0.8253313294457998
2025-05-29,7.98,0.29506089086663856
2025-05-30,7.98,0.7214542539860425
2025-05-31,7.96,0.23395416734715013
2025-06-01,7.96,0.5325500673287076
2025-06-02,7.94,0.2233524361566097
2025-06-03,7.94,0.664489356330944
2025-06-04,7.89,0.3675196479684395
2025-06-05,7.89,0.7962869723551647
2025-06-06,7.74,0.534964059912757
2025-06-07,7.74,0.9892190596227701
2025-06-08,7.55,0.2294950567098164
2025-06-09,7.55,0.539970837459669
2025-06-10,7.53,0.3296314003314871
2025-06-11,7.53,0.7412856786573219
2025-06-12,7.53,0.33213607888207264
2025-06-13,7.53,0.6884996675784238
2025-06-14,7.42,0.3034964372984339
2025-06-15,7.42,0.5991972274342228
2025-06-16,7.37,0.23717301348664677
2025-06-17,7.37,0.7947210180560216
2025-06-18,7.34,0.28270561158796337
2025-06-19,7.34,0.6701749834383319
2025-06-20,7.25,0.30437266610634506
2025-06-21,7.25,0.6948806433250798
2025-06-22,7.23,0.2791435147215804
2025-06-23,7.23,0.6207843045216599
2025-06-24,7.19,0.31073587158323424
2025-06-25,7.19,0.7181575948387309
2025-06-26,7.17,0.3555636567991849
2025-06-27,7.17,0.8099803874643818
2025-06-28,7.22,0.32498704648216137
2025-06-29,7.22,0.6520327692876693
2025-06-30,7.19,0.22469926030601606
2025-07-01,7.19,0.7154550682671346
2025-07-02,7.14,0.32610071732002144
2025-07-03,7.14,0.8460624751535084
2025-07-04,7.19,0.37287019850811287
2025-07-05,7.19,0.7509953085268695
2025-07-06,7.2,0.34537137036894094
2025-07-07,7.2,0.9127626221120844
2025-07-08,7.21,0.4274482060728113
2025-07-09,7.21,0.9536997529090652
2025-07-10,7.22,0.3893854461536117
2025-07-11,7.22,0.9063181078750482
2025-07-12,7.25,0.3870132198262377
2025-07-13,7.25,0.7184600642716976
2025-07-14,7.27,0.291615724637051
2025-07-15,7.27,0.9033357035922229
2025-07-16,7.27,0.5218416828187245
2025-07-17,7.27,1.2675790270548548
2025-07-18,7.26,0.646885888939952
2025-07-19,7.26,1.3406871237858775
2025-07-20,7.26,0.318497302484988
2025-07-21,7.26,0.7505894737413144
2025-07-22,7.28,0.4821392319172224
2025-07-23,7.28,1.0607174436404687
2025-07-24,7.25,0.46265657286281847
2025-07-25,7.25,0.9781177620271864
2025-07-26,7.25,0.3807190743537747
2025-07-27,7.25,0.7393048209578756
2025-07-28,7.26,0.27952300988896006
2025-07-29,7.26,0.7521033043442982
2025-07-30,7.24,0.43553099916795457
2025-07-31,7.24,0.8520194642637424
2025-08-01,7.2,0.42873077162755013
2025-08-02,7.2,0.7803432477091699
2025-08-03,7.18,0.25003048020300067
2025-08-04,7.16,0.006982694823287616
2025-08-05,7.16,0.4278323708608145
2025-08-06,7.1,0.009634784881118463
2025-08-07,7.1,0.4893571235661476
2025-08-08,7.07,0.03194523782992231
2025-08-09,7.07,0.5252589148985853
2025-08-10,7.03,0.01241788393429033
2025-08-11,7.03,0.34923687697805406
2025-08-12,7.03,0.04524055056798204
2025-08-13,7.03,0.6137240232504615
2025-08-14,6.99,0.055815386771107534
2025-08-15,6.99,0.6034260049792017
2025-08-16,6.98,0.04910336421664052
2025-08-17,6.98,0.30616230613591533
2025-08-18,6.99,0.044519819049004816
2025-08-19,6.99,0.32430803204979153
2025-08-20,6.97,0.054072096341384324
2025-08-21,6.97,0.2875920261581566
2025-08-22,6.92,0.07873395004827088
2025-08-23,6.92,0.3860877225444259
2025-08-24,6.86,0.06397834338398578
2025-08-25,6.86,0.281815405567154
2025-08-26,6.83,0.1093779995807731
2025-08-27,6.83,0.39311332047087255
2025-08-28,6.8,0.20601055419076086
2025-08-29,6.8,0.46572056518223715
2025-08-30,6.78,0.14012570234323007
2025-08-31,6.78,0.2801509120579526
2025-09-01,6.73,0.07350079737553639
2025-09-02,6.73,0.2667841292793627
2025-09-03,6.68,0.1577112024031324
2025-09-04,6.68,0.366271308354138
2025-09-05,6.63,0.09455443418837639
2025-09-06,6.63,0.281374576497595
2025-09-07,6.59,0.0629484541918357
2025-09-08,6.59,0.18831512096455505
2025-09-09,6.57,0.07789871580916596
2025-09-10,6.57,0.24244015551915243
2025-09-11,6.56,0.2674857354541649
2025-09-12,6.56,0.4686541168181124
2025-09-13,6.59,0.09829322857730638
2025-09-14,6.59,0.27187717842405146
2025-09-15,6.61,0.23540144452804945
2025-09-16,6.61,0.6710025488693594
2025-09-17,6.6,0.1304085525562826
2025-09-18,6.6,0.32902578181857045
2025-09-19,6.61,0.1057420825374189
2025-09-20,6.61,0.2521398539023112
2025-09-21,6.61,0.04811098809980319
2025-09-22,6.61,0.12607745485269106
2025-09-23,6.62,0.07022718876623646
2025-09-24,6.62,0.18253813142938835
2025-09-25,6.6,0.06269635445474986
2025-09-26,6.6,0.19185082635353456
2025-09-27,6.57,0.06375645843177402
2025-09-28,6.57,0.1359293747102086
2025-09-29,6.53,0.04494097277238929
2025-09-30,6.53,0.16455968482793626
2025-10-01,6.53,0.08188627766325673
2025-10-02,6.53,0.21525986158199562
2025-10-03,6.5,0.10996097450945985
2025-10-04,6.5,0.23940553723307278
2025-10-05,6.46,0.05192835113514427
2025-10-06,6.46,0.1343316678416695
2025-10-07,6.43,0.1050288993063031
2025-10-08,6.43,0.20446100785351806
2025-10-09,6.39,0.05325362421773061
2025-10-10,6.39,0.13789775394636994
2025-10-11,6.38,0.6160786944693131
2025-10-12,6.38,0.7527142057055736
2025-10-13,6.41,0.08554764394010927
2025-10-14,6.41,0.16956059019468395
2025-10-15,6.38,0.09386258677082093
2025-10-16,6.38,0.18213223449263793
2025-10-17,6.37,0.08216381281307417
2025-10-18,6.37,0.16821724285909223
2025-10-19,6.37,0.06848262657168647
2025-10-20,6.37,0.13141662305988788
2025-10-21,6.34,0.09297909493317658
2025-10-22,6.34,0.19452043804586427
2025-10-23,6.33,0.07306884772073641
2025-10-24,6.33,0.16150694690517664
2025-10-25,6.27,0.05938662552122942
2025-10-26,6.27,0.11165938964883271
2025-10-27,6.21,0.04145287013739285
2025-10-28,6.21,0.09945155190580479
2025-10-29,6.11,0.07289525818068299
2025-10-30,6.11,0.1667285927837936
2025-10-31,6.03,0.10978038885347541
2025-11-01,6.03,0.21318698890224752
2025-11-02,5.93,0.06634169553993985
2025-11-03,5.93,0.13393791454228143
2025-11-04,5.88,0.10440800329125643
2025-11-05,5.88,0.25494548503333103
2025-11-06,5.79,0.08057967273740196
2025-11-07,5.79,0.1625538286634809
2025-11-08,5.74,0.06896871491797185
2025-11-09,5.74,0.1334142891405543
2025-11-10,5.72,0.05153591170312666
2025-11-11,5.72,0.15667475551368604
2025-11-12,5.71,0.08648255670249405
2025-11-13,5.71,0.21065424608321948
2025-11-14,5.75,0.07060577842870064
2025-11-15,5.75,0.15556801773750628
2025-11-16,5.79,0.04979834768652491
2025-11-17,5.79,0.1113551784649669
2025-11-18,5.89,0.0629167020561594
2025-11-19,5.89,0.14626358430662734
2025-11-20,5.93,0.06365721029801819
2025-11-21,5.93,0.14588347776689492
2025-11-22,5.98,0.07455791500512454
2025-11-23,5.98,0.1324939677517234
2025-11-24,6.02,0.04813530010325806
2025-11-25,6.02,0.10879870025333194
2025-11-26,6.09,0.05556906348471724
2025-11-27,6.09,0.13296829285101008
2025-11-28,6.14,0.06451917089522752
2025-11-29,6.14,0.12492013157536785
2025-11-30,6.16,0.07237075155617223
2025-12-01,6.18,0.005413298689616042
2025-12-02,6.18,0.08317297031896764
2025-12-03,6.15,0.011035602258102628
2025-12-04,6.15,0.07281185737550988
2025-12-05,6.11,0.01736995072141312
2025-12-06,6.11,0.0843845177811886
2025-12-07,6.08,0.0266811734371597
2025-12-08,6.08,0.08683025106877018
2025-12-09,6.08,0.02492843201595818
2025-12-10,6.08,0.10322654594310254
2025-12-11,6.06,0.03920095355087749
2025-12-12,6.06,0.14190412560686205
2025-12-13,6.07,0.042164570799285706
2025-12-14,6.07,0.10338995271630402
2025-12-15,6.09,0.028591119948262467
2025-12-16,6.09,0.11160200209070492
2025-12-17,6.08,0.04582569299027561
2025-12-18,6.08,0.11732115252136577
2025-12-19,6.05,0.049632531975718486
2025-12-20,6.05,0.11908855082114478
2025-12-21,6.03,0.031450989425363396
2025-12-22,6.03,0.0918983151009023
2025-12-23,6.05,0.06019217354209516
2025-12-24,6.05,0.13264222627531463
2025-12-25,6.09,0.04813815006918798
2025-12-26,6.09,0.10537869418640877
2025-12-27,6.1,0.046907660995865186
2025-12-28,6.1,0.10993740816527264
2025-12-29,6.07,0.05191891289288986
2025-12-30,6.07,0.14457775909786363
2025-12-31,6.06,0.0685189427938937
2026-01-01,6.06,0.1556841585482749
2026-01-02,6.03,0.047643989754142524
2026-01-03,6.03,0.139948815281965
2026-01-04,6.01,0.08254402847618358
2026-01-05,6.01,0.18010754766975
2026-01-06,5.99,0.10454190734887625
2026-01-07,5.99,0.2560955004501375
2026-01-08,5.98,0.09449343057468251
2026-01-09,5.98,0.20253693509668658
2026-01-10,5.97,0.08121016604241138
2026-01-11,5.97,0.15932639316353914
2026-01-12,5.96,0.0686721924548106
2026-01-13,5.96,0.1819127452547864
2026-01-14,5.95,0.11553909258879003
2026-01-15,5.95,0.2378143177622638
2026-01-16,5.94,0.11933502363699056
2026-01-17,5.94,0.3020445660659288
2026-01-18,5.92,0.1071206761722232
2026-01-19,5.91,0.004938717924685143
2026-01-20,5.91,0.14232483539973195
2026-01-21,5.91,0.006047618618865158
2026-01-22,5.91,0.11222153406611479
2026-01-23,5.9,0.002738182115669119
2026-01-24,5.9,0.10976354639518071
2026-01-25,5.89,0.006420056782174832
2026-01-26,5.89,0.24443537597984566
2026-01-27,5.88,0.004126407405391497
2026-01-28,5.88,0.22642437202964327
2026-01-29,5.87,0.005392544690563383
2026-01-30,5.87,0.1653036402405217
2026-01-31,5.87,0.006853651869831445
2026-02-01,5.87,0.23155524122020488
2026-02-02,5.86,0.01475671789048505
2026-02-03,5.86,0.17938655735634246
2026-02-04,5.9,0.011540993485370521
2026-02-05,5.9,0.17740254348579398
2026-02-06,5.88,0.03415779462931923
2026-02-07,5.88,0.37791303159426803
2026-02-08,5.89,0.015678265650431733
2026-02-09,5.89,0.1250596777355506
2026-02-10,5.92,0.032983043878997975
2026-02-11,5.92,0.14957910108330807
2026-02-12,5.93,0.020145874267130104
2026-02-13,5.93,0.12744370337904876
2026-02-14,5.96,0.03196177409947598
2026-02-15,5.96,0.10266695547960225
2026-02-16,5.98,0.03260407771867868
2026-02-17,5.98,0.1268163078305351
2026-02-18,5.93,0.07333541918743691
2026-02-19,5.93,0.19557459025478785
2026-02-20,5.92,0.050074689420376295
2026-02-21,5.92,0.1653605442718309
2026-02-22,5.95,0.04799690410095536
2026-02-23,5.95,0.14409602852163417
2026-02-24,5.95,0.06848215732577767
2026-02-25,5.95,0.18817522191105773
2026-02-26,5.94,0.09278970779564855
2026-02-27,5.94,0.182638868135232
2026-02-28,5.92,0.08123621644422485
2026-03-01,5.92,0.185494762344951
2026-03-02,5.86,0.0548925684880297
2026-03-03,5.86,0.16293565395981702
2026-03-04,5.85,0.06872220547229357
2026-03-05,5.85,0.16564975831059314
2026-03-06,5.84,0.04917718110630798
2026-03-07,5.84,0.14679864009845556
2026-03-08,5.83,0.04264083306704247
2026-03-09,5.83,0.10813731254324388
2026-03-10,5.87,0.05775972288282194
2026-03-11,5.87,0.253864662958625
2026-03-12,5.87,0.072633828609181
2026-03-13,5.87,0.16272837437247833
2026-03-14,5.86,0.076073362638307
2026-03-15,5.86,0.14845343920057985
2026-03-16,5.84,0.05299559444895685
2026-03-17,5.84,0.1434591193237189
2026-03-18,5.88,0.0579614257948613
2026-03-19,5.88,0.1229844389409207
2026-03-20,5.87,0.047768875901699204
2026-03-21,5.87,0.10919387449759288
2026-03-22,5.89,0.03631373640173852
2026-03-23,5.89,0.08801893009899864
2026-03-24,5.89,0.07412123676990845
2026-03-25,5.89,0.14252624050974383
2026-03-26,5.87,0.06088570680851113
2026-03-27,5.87,0.12339600174875454
2026-03-28,5.86,0.058244410061525365
2026-03-29,5.86,0.11247298830079355
2026-03-30,5.86,0.04913203803542654
2026-03-31,5.85,0
2026-04-01,5.85,0.0771183856128621
2026-04-02,5.85,0
2026-04-03,5.85,0.0774882855868686
2026-04-04,5.85,0.007504909598954335
2026-04-05,5.85,0.07576664338200256
2026-04-06,5.82,0.009561747087016848
2026-04-07,5.82,0.08871882136496367
2026-04-08,5.84,0.023693345458708492
2026-04-09,5.84,0.09245360365657262
2026-04-10,5.83,0.018968551558562474
2026-04-11,5.83,0.0936750140117848
2026-04-12,5.82,0.015725142005074133
2026-04-13,5.82,0.06749749685868167
2026-04-14,5.81,0.02612680549380908
2026-04-15,5.81,0.09951636453593427
2026-04-16,5.8,0.02095978693603673
2026-04-17,5.8,0.09470484070956964
2026-04-18,5.79,0.02324752492430804
2026-04-19,5.79,0.0876590054534443
2026-04-20,5.78,0.023997286784283034
2026-04-21,5.78,0.0869392764125676
2026-04-22,5.76,0.028617473656433745
2026-04-23,5.76,0.08783077074288048
2026-04-24,5.75,0.029588288851800648
2026-04-25,5.75,0.09218071470062927
2026-04-26,5.74,0.023886364064473753
2026-04-27,5.74,0.08254847797026788
2026-04-28,5.73,0.06063310447594894